Observateur,Nom scientifique,Y,X,Altitude
Laurent,Hermetia illucens,43.30336355,5.399764711,696
Laurent,Hermetia illucens,43.30336355,5.399764711,697
Laurent,Hermetia illucens,43.30336355,5.399764711,698
Laurent,Hermetia illucens,43.30336355,5.399764711,699
Laurent,Hermetia illucens,43.30336355,5.399764711,700
Laurent,Hermetia illucens,43.30336355,5.399764711,701
Laurent,Hermetia illucens,43.30336355,5.399764711,702
Enna,Zilla diodia,47.848959,-4.165555,4.615787029266357
Enna,Mangora acalypha,47.848959,-4.165555,4.615787029266357
Enna,Pyrrhocoris apterus,47.848959,-4.165555,4.615787029266357
Enna,Chrysolina americana,47.848959,-4.165555,4.615787029266357
Enna,Palomena prasina,47.848959,-4.165556,4.616586685180664
Enna,Rhyzobius chrysomeloides,47.848959,-4.165557,4.617386817932129
Enna,Eupteryx decemnotata,47.848959,-4.165558,4.618187427520752
Enna,Rhaphigaster nebulosa,47.857977,-4.165373,0.8594372272491455
Enna,Agalenatea redii,47.86,-4.164139,2.583268404006958
Enna,Dolycoris baccarum,47.857977,-4.165373,0.8594372272491455
Enna,Harmonia axiridis,47.86,-4.164139,2.583268404006958
Enna,Chilocorus bipustulatus,47.86,-4.164139,2.583268404006958
Enna,Tytthaspis sedecimpunctata,47.85971,-4.164213,2.5194308757781982
Enna,Anyphaena accentuata,47.85971,-4.164213,2.5194308757781982
Enna,Harmonia quadripunctata,47.86,-4.164139,2.583268404006958
Enna,Lindorus lophantae,47.86,-4.164139,2.583268404006958
Enna,Stethorus pusillus,47.86,-4.164139,2.583268404006958
Enna,Corizus hyoscyami,47.86,-4.164139,2.583268404006958
Enna,Lasiocampa quercus,47.857977,-4.165373,0.8594372272491455
Enna,Physatocheila dumetorum,47.860839,-4.165293,3.6497621536254883
Enna,Oenopia conglobata,47.86,-4.164139,2.583268404006958
Enna,Thecla betulae,47.858385,-4.166747,1.7034088373184204
Enna,Gibbaranea gibbosa,47.86,-4.164139,2.583268404006958
Enna,Tuberolachnus salignus,47.860839,-4.165293,3.6497621536254883
Enna,Liguropia juniperi,47.860839,-4.165293,3.6497621536254883
Enna,Physatocheila dumetorum,47.860839,-4.165293,3.6497621536254883
Enna,Platycranus bicolor,47.860839,-4.165293,3.6497621536254883
Enna,Geomyza tripunctata,47.84484,-4.167087,2.784954071044922
Enna,Tephritis vespertina,47.84484,-4.167087,2.784954071044922
Enna,Zygiella x-notata,47.847861,-4.165726,5.147885322570801
Enna,Issus coleoptratus,47.848959,-4.165555,4.615787029266357
Enna,Vanessa atalanta,47.848959,-4.165555,4.615787029266357
Enna,Ascalaphus encadrus,43.629843,3.844633,52.773399353027344
Enna,Gonocerus insidiator,43.91737,3.740518,314.9337463378906
Enna,Gonocerus acuteangulatus,43.91737,3.740518,314.9337463378906
Enna,Oenopia lyncea,43.91737,3.740518,314.9337463378906
Enna,Synophropsis lauri,43.91737,3.740518,314.9337463378906
Enna,Raglius alboacuminatus,43.91737,3.740518,314.9337463378906
Enna,Icius subinermis,43.91737,3.740518,314.9337463378906
Enna,Anacrydium aegyptium,43.522456,3.819826,18.819316864013672
Enna,Acrotylus fischeri,43.522907,3.819151,25.420141220092773
Enna,Crioceris paracenthesis,43.523543,3.819344,25.479190826416016
Enna,Dermacentor marginatus,43.705055,3.558791,48.30875015258789
Enna,Aphantaulax trifasciata,43.70455,3.558763,49.85117721557617
Enna,Nigma walckenaeri,43.70313,3.559959,57.17721176147461
Enna,Deroplia genei,43.704748,3.558835,49.521263122558594
Enna,Dorytomus longimanus,43.705991,3.559196,52.60904312133789
Enna,Tephritis matricariae,43.815504,3.779431,197.13160705566406
Enna,Tephritis divisa,43.815504,3.779431,197.13160705566406
Enna,Tephritis pulchra,43.811605,3.800806,239.15716552734375
Enna,Thaumetopoea pityocampa,43.811605,3.800806,239.15716552734375
Enna,Holcogaster fibulata,43.811605,3.800806,239.15716552734375
Enna,Leptoglossus occidentalis,44.871049,5.390975,1104.41552734375
Enna,Apis mellifera,43.629843,3.844633,52.773399353027344
Enna,Thomisus onustus,43.618462,3.359218,226.9186553955078
Enna,Adalia decempunctata,43.61965,3.359235,237.9788055419922
Enna,Gonocerus juniperi,43.620908,3.359504,244.98834228515625
Enna,Graphopsocus cruciatus,43.618462,3.359218,226.9186553955078
Enna,Acrosternum heegeri,43.619232,3.357421,224.23284912109375
Enna,Kleidocerys ericae,43.620082,3.358531,232.59156799316406
Enna,Anthocoris nemoralis,43.619232,3.357421,224.23284912109375
Enna,Larinioides cornutus,43.652695,3.361807,183.69142150878906
Enna,Gonioctena variabilis,43.652695,3.361807,183.69142150878906
Enna,Anelosimus vittatus,43.661182,3.394483,220.18157958984375
Enna,Peribatodes rhomboidaria,43.661182,3.394483,220.18157958984375
Enna,Amphipyra effusa,43.661182,3.394483,220.18157958984375
Enna,Salticus propinquus,43.629843,3.844633,52.773399353027344
Enna,Hippodamia variegata,43.702984,3.869272,94.98744201660156
Enna,Gibbaranea bituberculata,43.70261,3.869929,98.447021484375
Enna,Pisaura mirabilis,43.702342,3.870213,99.2467041015625
Enna,Crematogaster scutellaris,43.697561,3.85547,59.96845245361328
Enna,Sminthurus multipunctatus,43.702517,3.869431,98.98347473144531
Enna,Compsidolon crotchi,43.702342,3.870213,99.2467041015625
Enna,Euphyllura olivina,43.702317,3.869986,99.37525177001953
Enna,Corythucha ciliata,43.717768,3.844174,77.43829345703125
Enna,Hysterochelifer meridianus,43.717768,3.844174,77.43829345703125
Enna,Arocatus roeselii,43.717021,3.84496,73.82257843017578
Enna,Dicyrtomina ornata,43.697561,3.85547,59.96845245361328
Enna,Nephus quadrimaculatus,43.697561,3.85547,59.96845245361328
Enna,Orchesella cincta,43.697561,3.85547,59.96845245361328
Enna,Synema globosum,43.562367,3.821992,30.56948471069336
Enna,Simitidion simile,43.562367,3.821992,30.56948471069336
Enna,Nigma puella,43.562367,3.821992,30.56948471069336
Enna,Macaroeris nidicolens,43.562367,3.821992,30.56948471069336
Enna,Kochiura aulica,43.562367,3.821992,30.56948471069336
Enna,Tettigometra griseola,43.562367,3.821992,30.56948471069336
Enna,Pararge aegeria,43.659989,3.885118,99.17547607421875
Enna,Macroglossum stellatarum,43.659962,3.882843,87.018341064453125
Enna,Pyrgomorpha conica,43.659962,3.882843,87.018341064453125
Enna,Aiolopus strepens,43.659962,3.882843,87.018341064453125
Enna,Sympecma fusca,43.660467,3.882113,72.934783935546875
Enna,Coccinella septempunctata,43.660467,3.882113,72.934783935546875
Enna,Glomeris annulata,43.660467,3.882113,72.934783935546875
Enna,Cicindela campestris,43.660467,3.882113,72.934783935546875
Enna,Tropinota squalida,43.660467,3.882113,72.934783935546875
Enna,Lachnaia cylindrica,43.660467,3.882113,72.934783935546875
Enna,Osmia cornuta,43.660467,3.882113,72.934783935546875
Enna,Philaeus chrysops,43.660467,3.882113,72.934783935546875
Enna,Peleteria meridionalis,43.660467,3.882113,72.934783935546875
Enna,Deraeocoris punctulatus,43.660467,3.882113,72.934783935546875
Enna,Coreus marginatus,43.633853,3.860481,53.157508850097656
Enna,Oxycarenus lavaterae,43.634271,3.860818,53.34428787231445
Enna,Tricholepisma aurea,43.633335,3.860683,51.120704650878906
Enna,Episyrphus balteatus,43.633079,3.860929,50.83385467529297
Enna,Messor barbarus,43.633335,3.860683,51.120704650878906
Enna,Porcellio spinicornis,43.633335,3.860683,51.120704650878906
Enna,Gonepteryx cleopatra,43.814933,3.854827,305.269287109375
Enna,Libythea celtis,43.863892,3.822194,307.37237548828125
Enna,Uloborus walckenaerius,43.863882,3.821668,306.84771728515625
Enna,Piezodorus lituratus,43.862127,3.817423,293.37030029296875
Enna,Tetrix depressa,43.862127,3.817423,293.37030029296875
Enna,Cicindela maroccana,43.862127,3.817423,293.37030029296875
Enna,Lampyris noctiluca,43.861114,3.81575,292.1205749511719
Enna,Picromerus nigridens,43.862127,3.817423,293.37030029296875
Enna,Lasiocampa trifolii,43.863882,3.821668,306.84771728515625
Enna,Watsonalla uncinula,43.862127,3.817423,293.37030029296875
Enna,Geotrupes stercorarius,42.835936,0.946234,1056.5849609375
Enna,Celastrina argiolus,42.875498,0.951158,762.53411865234375
Enna,Entomobrya albocincta,42.875171,0.951649,754.79248046875
Enna,Halyzia sedecimguttata,42.875176,0.950843,764.27752685546875
Enna,Forficula auricularia,42.82302,0.921501,1189.1322021484375
Enna,Chrysolina marginata,12.82302,0.921501,NA
Enna,Timarcha goettingensis,12.82302,0.921501,NA
Enna,Nuctenea umbratica,42.875171,0.951649,754.79248046875
Enna,Xylocopa violacea,44.291622,5.989651,769.77886962890625
Enna,Bathysolen nubilus,44.291622,5.989651,769.77886962890625
Enna,Vilpianus galii,44.291622,5.989651,769.77886962890625
Enna,Spilostethus pandurus,44.291622,5.989651,769.77886962890625
Enna,Derula flavoguttata,44.291622,5.989651,769.77886962890625
Enna,Empusa pennata,44.291622,5.989651,769.77886962890625
Enna,Chrysolina kuesteri,44.291622,5.989651,769.77886962890625
Enna,Minyops carinatus,44.291622,5.989651,769.77886962890625
Enna,Tetrix subulata,44.569564,5.97438,964.38165283203125
Enna,Nymphalis polychloros,44.570097,5.974541,969.16827392578125
Enna,Pontia daplidice,44.572184,5.981587,983.72467041015625
Enna,Exochomus quadripustulatus,44.570227,5.97456,971.5799560546875
Enna,Geocoris erythrocephalus,44.572184,5.981587,983.72467041015625
Enna,Tropinota hirta,44.570296,5.973615,975.94842529296875
Enna,Cynips quercusfolii,44.572184,5.981587,983.72467041015625
Enna,Acrotylus insubricus,43.977722,5.778355,665.767822265625
Enna,Tettigometra griseola,43.977722,5.778355,665.767822265625
Enna,Orthosia gothica,43.977722,5.778355,665.767822265625
Enna,Synopsia sociaria,44.099375,6.017029,435.9782409667969
Enna,Scymnus subvillosus,44.291361,5.994586,790.88702392578125
Enna,Callophrys rubi,44.106314,6.02243,537.9774169921875
Enna,Glaucopsyche melanops,44.106412,6.02261,541.38385009765625
Enna,Pseudophilotes baton,44.106314,6.02243,537.9774169921875
Enna,Anthocharis euphenoides,44.106412,6.02261,541.38385009765625
Enna,Iphiclides podalirius,44.10845,6.019662,534.98162841796875
Enna,Lasiommata megera,44.106314,6.02243,537.9774169921875
Enna,Coranus griseus,44.106314,6.02243,537.9774169921875
Enna,Cyphostethus tristriatus,44.289799,5.997938,789.2152099609375
Enna,Micrommata ligurina,44.239442,6.016017,1088.6407470703125
Enna,Myzia oblongoguttata,44.238228,6.011543,1120.427734375
Enna,Arctia festiva,44.23584,6.009959,1070.8944091796875
Enna,Aglais urticae,44.290239,5.996678,786.799560546875
Enna,Lycaena phlaeas,44.291361,5.994586,790.88702392578125
Enna,Erebia epistygne,44.291361,5.994586,790.88702392578125
Enna,Noctua pronuba,44.291663,5.989223,766.43359375
Enna,Tritomegas bicolor,44.291663,5.989223,766.43359375
Enna,Gonepteryx rahmni,44.291663,5.989223,766.43359375
Enna,Boloria dia,44.291247,5.99479,789.0733642578125
Enna,Lilioceris lilii,44.291663,5.989223,766.43359375
Enna,Rhyparochromus vulgaris,44.291845,5.9893980000000004,766.29290771484375
Enna,Melitaea cinxia,44.292104,5.989572,765.82720947265625
Enna,Chrysomela populi,44.409414,5.968597,563.218994140625
Enna,Salticus scenicus,44.410375,5.983152,557.29339599609375
Enna,Lasiocoris anomalus,44.409414,5.968597,563.218994140625
Enna,Ischnopeza hirticornis,44.409414,5.968597,563.218994140625
Enna,Lacon punctatus,44.41087,5.982825,558.79620361328125
Enna,Euborellia moesta,44.409414,5.968597,563.218994140625
Enna,Bena bicolorana,44.409414,5.968597,563.218994140625
Enna,Carcharodus alcea,44.291446,5.994585,792.99957275390625
Enna,Tachyporus hypnorum,44.292698,5.995368,819.176513671875
Enna,Philaenus spumarius,44.292698,5.995368,819.176513671875
Enna,Pyrgus malvoides,44.291339,5.994824,791.39459228515625
Enna,Runcinia grammica,44.291182,5.994671,787.1123046875
Enna,Perapion violaceum,44.291182,5.994671,787.1123046875
Enna,Tingis auriculata,44.291339,5.994824,791.39459228515625
Enna,Spilostethus saxatilis,44.291622,5.989651,769.77886962890625
Enna,Spiris striata,44.291622,5.989651,769.77886962890625
Enna,Issoria lathonia,44.291663,5.989223,766.43359375
Enna,Coenonympha pamphilus,44.291514,5.9939,789.9525146484375
Enna,Xylocopa iris,44.291663,5.989223,766.43359375
Enna,Eurydema oleracea,44.291663,5.989223,766.43359375
Enna,Eurydema ventralis,44.291663,5.989223,766.43359375
Enna,Dasylabris maura,44.29146,5.994769,794.078369140625
Enna,Dinocampus coccinellae,44.29146,5.994769,794.078369140625
Enna,Pseudocleonus cinereus,44.29146,5.994769,794.078369140625
Enna,Eurranthis plummistaria,43.979221,5.776534,699.42572021484375
Enna,Anthocharis cardamines,44.289768,5.993874,765.25762939453125
Enna,Papilio machaon,43.977983,5.777078,682.2279052734375
Enna,Colias crocea,43.498261,6.08688,221.71548461914062
Enna,Pieris rapae,43.497482,6.083807,215.9945068359375
Enna,Euchloe crameri,43.497482,6.083807,215.9945068359375
Enna,Tomares ballus,43.49895,6.094023,225.73094177246094
Enna,Glaucopsyche alexis,43.498668,6.089532,214.87257385253906
Enna,Eurydema ornata,43.498109,6.086875,220.27606201171875
Enna,Libelloides coccajus,43.497689,6.085206,217.03680419921875
Enna,Eurygaster austriaca,43.499081,6.090458,222.71524047851563
Enna,Peirates stridulus,43.499278,6.090941,225.53616333007812
Enna,Cercopis intermedia,43.497283,6.084103,213.9744873046875
Enna,Adela australis,43.49929,6.081943,235.75079345703125
Enna,Lixus acicularis,43.49929,6.081943,235.75079345703125
Enna,Aporia crataegi,44.074294,5.930001,655.086669921875
Enna,Glomeris marginata,44.074548,5.926182,667.14715576171875
Enna,Uroctea durandi,44.079096,5.919627,721.556396484375
Enna,Euscorpius tergestinus,44.080637,5.919691,736.404052734375
Enna,Zerynthia polyxena,44.080213,5.919991,732.15692138671875
Enna,Leptopus marmoratus,44.079096,5.919627,721.556396484375
Enna,Dolichopoda azami,44.21345,6.045126,904.971435546875
Enna,Erynnis tages,44.29146,5.994769,794.078369140625
Enna,Boloria euphrosyne,44.119135,6.061362,787.76361083984375
Enna,Eriogaster catax,44.120755,6.063717,865.2955322265625
Enna,Eriogaster lanestris,44.120669,6.064001,864.06890869140625
Enna,Diacrisia purpura,44.119135,6.061362,787.76361083984375
Enna,Cyrba algerina,44.120669,6.064001,864.06890869140625
Enna,Polyommatus icarus,44.29159,5.993335,786.47869873046875
Enna,Aricia agestis,44.29159,5.993335,786.47869873046875
Enna,Cyaniris semiargus,44.29159,5.993335,786.47869873046875
Enna,Vanessa cardui,44.041305,5.956422,406.0478515625
Enna,Oxythyrea funesta,44.049337,5.929911,563.4271240234375
Enna,Spialia sertorius,43.897899,5.844318,437.4480285644531
Enna,Glomeris esterelana,43.897899,5.844318,437.4480285644531
Enna,Prionotropis azami,43.672314,5.876397,444.1579895019531
Enna,Arcyptera kheili,43.672314,5.876397,444.1579895019531
Enna,Saga pedo,43.687699,5.863685,430.2432556152344
Enna,Zerynthia rumina,43.687302,5.86494,430.3180236816406
Enna,Arima marginata,43.634835,5.844689,328.41778564453125
Enna,Gryllus campestris,43.638232,5.910617,419.7121276855469
Enna,Tettigometra sulphurea,43.638232,5.910617,419.7121276855469
Enna,Arenocoris waltlii,43.638232,5.910617,419.7121276855469
Enna,Staria lunata,43.638232,5.910617,419.7121276855469
Enna,Buthus occitanus,43.721589,5.847831,313.6534118652344
Enna,Eurrhypis guttulalis,43.669175,5.821296,415.0135803222656
Enna,Minucia lunaris,43.67637,5.830924,445.0659484863281
Enna,Melitaea didyma,43.675576,5.804034,370.0065002441406
Enna,Ectobius lapponicus,43.721705,5.847695,315.1673889160156
Enna,Callophrys avis,43.136369,6.107558,162.24502563476562
Enna,Euphydryas aurinia,43.499075,6.091199,223.09078979492187
Enna,Lysandra bellargus,43.499075,6.091199,223.09078979492187
Enna,Tettigonia viridissima,43.498071,6.086832,219.91236877441406
Enna,Codophila varia,43.136369,6.107558,162.24502563476562
Enna,Anthaxia hungarica,43.499238,6.090941,225.09230041503906
Enna,Trichodes alvearius,43.498709,6.084257,228.97396850585937
Enna,Pachyxyphus lineellus,43.136369,6.107558,162.24502563476562
Enna,Zygaena lavandulae,43.562399,6.173666,427.4476318359375
Enna,Zygaena rhadamantus,43.561777,6.173013,424.9508056640625
Enna,Misumena vatia,43.56299,6.176869,435.6380310058594
Enna,Hister quadrimaculatus,43.564848,6.174226,438.9385681152344
Enna,Tychius cinnamomeus,43.564848,6.174226,438.9385681152344
Enna,Sciocoris maculatus,43.564848,6.174226,438.9385681152344
Enna,Dicranocephalus agilis,43.563046,6.175039,438.40814208984375
Enna,Camptopus lateralis,43.563046,6.175039,438.40814208984375
Enna,Alopecosa albofasciata,43.539504,5.793955,599.42193603515625
Enna,Attelabus nitens,43.539504,5.793955,599.42193603515625
Enna,Colias alfacariensis,43.5570777,6.1933081,407.8702392578125
Enna,Lygaeus equestris,43.561856,6.196217,336.1416320800781
Enna,Leptidea sinapis,43.561856,6.196217,336.1416320800781
Enna,Calamobius filum,43.564311,6.182404,365.1710510253906
Enna,Omia cyclopea,43.561856,6.196217,336.1416320800781
Enna,Bombylella atra,43.656348,6.120454,542.98382568359375
Enna,Malacosoma franconica,43.622034,6.157512,443.7777099609375
Enna,Eurrhypis pollinalis,43.627418,6.163491,445.5475769042969
Enna,Scolitantides orion,43.706493,6.077906,434.1943664550781
Enna,Lycaena alciphron,43.706493,6.077906,434.1943664550781
Enna,Cupido minimus,43.687743,6.113589,506.4679870605469
Enna,Libelloides lacteus,43.67941,6.109083,561.0224609375
Enna,Rhynocoris erythropus,43.67941,6.109083,561.0224609375
Enna,Ornatoraphidia flavilabris,43.6898,6.124517,546.24945068359375
Enna,Acontia lucida,43.626336,6.043892,577.73504638671875
Enna,Melanargia occitanica,43.5672804,5.7342162,425.7200622558594
Enna,Cercopis sanguinolenta,43.5672804,5.7342162,425.7200622558594
Enna,Cetonia aurata,43.5672804,5.7342162,425.7200622558594
Enna,Olethreutes arcuella,43.5651095,5.7319008,442.23193359375
Enna,Aelia rostrata,43.5651095,5.7319008,442.23193359375
Enna,Zicrona caerulea,43.5624667,5.6257667,488.87579345703125
Enna,Eucidia mi,43.5624667,5.6257667,488.87579345703125
Enna,Euclidia glyphica,43.5624667,5.6257667,488.87579345703125
Enna,Dorycera grandis,43.347492,6.408309,93.69447326660156
Enna,Ischnura elegans,43.345697,6.408856,88.66905212402344
Enna,Drasterius bimaculatus,43.345697,6.408856,88.66905212402344
Enna,Velia rivulorum,43.344589,6.401858,92.3747329711914
Enna,Tropidotilla litoralis,43.344555,6.400155,95.6083984375
Enna,Libellula quadrimaculata,43.345883,6.391819,84.95845031738281
Enna,Nymphalis antiopa,43.346187,6.392522,84.42633056640625
Enna,Cercopis vulnerata,43.34613,6.392235,84.18871307373047
Enna,Coenagrion puella,43.34613,6.392235,84.18871307373047
Enna,Paratettix meridionalis,43.346011,6.391666,84.7751693725586
Enna,Attagenus trifasciatus,43.345572,6.389818,86.2031021118164
Enna,Halyomorpha halys,43.559784,6.177664,428.15155029296875
Enna,Cupido osiris,43.700051,5.9353,491.25494384765625
Enna,Melitaea phoebe,43.6651725,5.9420371,490.4605712890625
Enna,Holcostethus sphacelatus,43.327538,5.771095,944.68621826171875
Enna,Trichius gallicus,43.564738,6.177214,417.25323486328125
Enna,Capsodes flavomarginatus,43.335278,6.413609,110.99716186523437
Enna,Hadrodemus m-flavum,43.335278,6.413609,110.99716186523437
Enna,Barbitistes fischeri,43.335832,6.410229,105.4505386352539
Enna,Chrysanthia viridissima,43.335793,6.408105,107.05299377441406
Enna,Orthezia urticae,43.335793,6.408105,107.05299377441406
Enna,Stenurella nigra,43.335426,6.406871,111.41252899169922
Enna,Valgus hemipterus,43.33584,6.404468,108.70851135253906
Enna,Allygus modestus,43.33584,6.404468,108.70851135253906
Enna,Netocia morio,43.33663,6.394031,107.26164245605469
Enna,Arctia villica,43.339564,6.392647,104.3277359008789
Enna,Machilinus rupestris,43.341757,6.391735,97.70172119140625
Enna,Exosoma lusitanicum,43.341757,6.391735,97.70172119140625
Enna,Stictoleptura scutellata,43.343622,6.391928,90.85929870605469
Enna,Stenurella melanura,43.343622,6.391928,90.85929870605469
Enna,Cerocoma schaefferi,43.344517,6.401474,92.8572006225586
Enna,Anax  parthenope,43.344092,6.409051,91.74107360839844
Enna,Velia saulii,43.338638,6.40903,98.85376739501953
Enna,Lysandra hispana,43.7913636,6.2353742,534.41900634765625
Enna,Zygaena loti,43.7913636,6.2353742,534.41900634765625
Enna,Scarabaeus laticollis,43.790717,6.235082,530.55169677734375
Enna,Iberochloe tagis,43.744123,6.249439,864.10931396484375
Enna,Limenitis reducta,43.6895052,5.868277,424.99322509765625
Enna,Arctia tigrina,43.688539,5.86369,443.5351257324219
Enna,Bombylius fimbriatus,43.689764,5.872311,428.3078308105469
Enna,Loxocnemis dentator,43.689764,5.872311,428.3078308105469
Enna,Sphenoptera barbarica,43.681258,5.879382,428.39752197265625
Enna,Oedemera podagrariae,43.686097,5.851146,381.3622741699219
Enna,Anthaxia salicis,43.689943,5.873677,441.3887023925781
Enna,Trichodes leucopsideus,48.682028,5.907544,202.46600341796875
Enna,Anthrax anthrax,43.680676,5.909823,494.56597900390625
Enna,Coenonympha arcania,43.680706,5.993415,537.47113037109375
Enna,Pseudopanthera macularia,43.677223,5.99026,541.3272705078125
Enna,Hispa atra,43.677223,5.99026,541.3272705078125
Enna,Scopula decorata,43.669177,5.975867,541.54693603515625
Enna,Horistus orientalis,43.669177,5.975867,541.54693603515625
Enna,Conostethus roseus,43.669177,5.975867,541.54693603515625
Enna,Usia atrata,43.672365,5.974375,516.64178466796875
Enna,Perconia strigillaria,43.674146,5.868448,443.5567932128906
Enna,Calocoris nemoralis,43.675729,5.86927,434.3542785644531
Enna,Cryptocephalus infirmior,43.70596,5.980192,567.130126953125
Enna,Heterogynis penella,43.70596,5.980192,567.130126953125
Enna,Lasiommata maera,43.70275,5.976838,554.50531005859375
Enna,Acmaeoderella flavofasciata,43.645655,5.976301,555.97845458984375
Enna,Calocoris roseomaculatus,43.645655,5.976301,555.97845458984375
Enna,Chrysomela bankii,43.519067,5.58575,428.32318115234375
Enna,Propylea quatuordecimpunctata,43.519067,5.58575,428.32318115234375
Enna,Plebejus argus,43.526711,5.568969,397.9312438964844
Enna,Anthaxia thalassophila,43.51922,5.586289,430.0649719238281
Enna,Myopa dorsalis,43.52357,5.584656,550.746337890625
Enna,Hemaris tityus,43.674546,5.870756,435.8861083984375
Enna,Acmaeodera degener,43.589447,5.632246,504.973876953125
Enna,Odontotarsus purpureolineatus,43.587753,5.628603,537.95733642578125
Enna,Cydnus aterrimus,43.587753,5.628603,537.95733642578125
Enna,Parexochomus nigromaculatus,43.587753,5.628603,537.95733642578125
Enna,Opsilia coerulescens,43.589447,5.632246,504.973876953125
Enna,Pieris brassicae,43.84503,6.230366,943.09466552734375
Enna,Melitaea celadussa,43.84503,6.230366,943.09466552734375
Enna,Pijnackeria masettii,43.84503,6.230366,943.09466552734375
Enna,Heliophanus tribulosus,43.702718,6.006642,434.4194641113281
Enna,Maniola jurtina,43.563599,6.176497,438.1510314941406
Enna,Pyrrhosoma nymphula,43.564884,6.183227,364.6562194824219
Enna,Argynnis paphia,43.666237,5.875112,448.3695373535156
Enna,Zygaena filipendulae,43.666237,5.875112,448.3695373535156
Enna,Fallenia fasciata,43.666237,5.875112,448.3695373535156
Enna,Agapanthia cardui,43.666237,5.875112,448.3695373535156
Enna,Urophora solstitialis,43.666237,5.875112,448.3695373535156
Enna,Ptosima undecimmaculata,43.665454,5.887386,448.1456604003906
Enna,Acmaeodera pilosellae,43.66661,5.886077,450.72222900390625
Enna,Ventocoris rusticus,43.66623,5.886914,447.7899475097656
Enna,Centrocoris spiniger,43.666237,5.875112,448.3695373535156
Enna,Brachycarenus tigrinus,43.666237,5.875112,448.3695373535156
Enna,Brachycoleus triangularis,43.66623,5.886914,447.7899475097656
Enna,Rhinusa tetra,43.66623,5.886914,447.7899475097656
Enna,Deraeocoris ribauti,43.666237,5.875112,448.3695373535156
Enna,Sphedanolestes lividigaster,43.66623,5.886914,447.7899475097656
Enna,Zygaena trifolii,43.653744,5.908784,423.3417053222656
Enna,Oedemera flavipes,43.645029,5.846842,339.0635070800781
Enna,Vadonia unipunctata,43.653573,5.905823,426.08221435546875
Enna,Anthaxia hypomelaena,43.646884,5.848462,345.6350402832031
Enna,Anthaxia confusa,43.653829,5.904589,429.3902893066406
Enna,Rhodostrophia calabra,43.653699,5.89932,424.77593994140625
Enna,Aelia notata,43.653699,5.89932,424.77593994140625
Enna,Tylopsis lilifolia,43.654102,5.871003,431.5694580078125
Enna,Mantis religiosa,43.654102,5.871003,431.5694580078125
Enna,Acmaeodera bipunctata,43.656664,5.862029,379.0955810546875
Enna,Anthaxia fulgurans,43.642192,5.85931,367.02923583984375
Enna,Myrmilla capitata,43.643573,5.862015,386.41961669921875
Enna,Adelphocoris quadripunctatus,43.678058,5.906679,478.0182189941406
Enna,Clytus rhamni,43.677387,5.904091,474.0664367675781
Enna,Stagonomus amoenus,43.677543,5.906815,477.5291442871094
Enna,Eilema lurideola,43.677543,5.906815,477.5291442871094
Enna,pyrgus,44.085839,6.303054,866.31304931640625
Enna,Melitaea parthenoides,44.085839,6.303054,866.31304931640625
Enna,Diaperis boleti,44.085839,6.303054,866.31304931640625
Enna,Cilix glaucata,44.085711,6.30288,864.19671630859375
Enna,Sphinx pinastri,44.085711,6.30288,864.19671630859375
Enna,Saturnia pyri,44.085711,6.30288,864.19671630859375
Enna,Diacrisia sannio,44.085711,6.30288,864.19671630859375
Enna,Aphelia ferugana,44.085711,6.30288,864.19671630859375
Enna,Deilephila porcellus,44.085711,6.30288,864.19671630859375
Enna,Calliteara pudibunda,44.085711,6.30288,864.19671630859375
Enna,Pheosia tremula,44.085711,6.30288,864.19671630859375
Enna,Dendrolimus pini,44.085711,6.30288,864.19671630859375
Enna,Zygaena fausta,44.085711,6.30288,864.19671630859375
Enna,Diloba caeruleocephala,44.085464,6.307161,916.71746826171875
Enna,Ematurga atomaria,44.085464,6.307161,916.71746826171875
Enna,Raphidia ophiopsis,44.067536,6.319612,1166.2816162109375
Enna,Zygaena lonicerae,44.068458,6.321447,1214.0179443359375
Enna,Rhagium inquisitor,44.06796,6.324472,1250.3580322265625
Enna,Hamearis lucina,44.06796,6.324472,1250.3580322265625
Enna,Pieris napi,44.06796,6.324472,1250.3580322265625
Enna,Cupido alcetas,44.06796,6.324472,1250.3580322265625
Enna,Lasiommata petropolitana,44.0671,6.32503,1265.236328125
Enna,Erebia triarius,44.066779,6.332925,1613.8607177734375
Enna,Parnassius mnemosyne,44.066819,6.332603,1606.23046875
Enna,Aglia tau,44.064229,6.329868,1532.0927734375
Enna,Parnassius apollo,44.066819,6.332603,1606.23046875
Enna,Thanasimus formicarius,44.065437,6.324757,1298.84814453125
Enna,Hemaris fuciformis,44.108775,6.227035,657.45623779296875
Enna,Zygaena transalpina,44.108632,6.227059,655.38787841796875
Enna,Euproctis chrysorrhoea,44.10863,6.226871,661.806396484375
Enna,Lymantria dispar,44.12118,6.223727,722.3831787109375
Enna,Zygaena sarpedon,43.679456,5.87688,445.744140625
Enna,Argynnis pandora,43.672934,5.879801,451.1732482910156
Enna,Synaphe bombycalis,43.67288,5.875432,441.3641357421875
Enna,Satyrium spini,43.67229,5.874699,445.1732177734375
Enna,Actenodia billbergi,43.672574,5.874848,442.97528076171875
Enna,Hycleus polymorphus,43.672574,5.874848,442.97528076171875
Enna,Thymelicus sylvestris,43.561464,5.80037,544.05816650390625
Enna,Carcharodus baeticus,43.561464,5.80037,544.05816650390625
Enna,Brenthis hecate,43.561464,5.80037,544.05816650390625
Enna,Satyrium ilicis,43.561464,5.80037,544.05816650390625
Enna,Odontotarsus robustus,43.56192,5.800244,539.90203857421875
Enna,Stenopterus rufus,43.561741,5.800831,546.6358642578125
Enna,Tachina grossa,43.562684,5.803797,567.398193359375
Enna,Fabriciana niobe,43.562022,5.803104,560.6112060546875
Enna,Chamaesphecia empiformis,43.563066,5.805063,569.2940673828125
Enna,Agapanthia asphodeli,43.565856,5.811263,572.60699462890625
Enna,Ephippiger provincialis,43.565856,5.811263,572.60699462890625
Enna,Hadroplontus trimaculatus,43.562047,5.803828,564.56036376953125
Enna,Libelloides longicornis,43.568511,5.821654,581.427001953125
Enna,Purpuricenus budensis,43.568814,5.820898,579.15673828125
Enna,Graphosoma italicum,43.566866,5.814348,585.1138916015625
Enna,Graphosoma semipunctatum,43.566866,5.814348,585.1138916015625
Enna,Lucanus cervus,43.56846,5.82086,584.36151123046875
Enna,Gryllotalpa vineae,43.588627,6.161984,384.2220153808594
Enna,Mogoplistes brunneus,43.591725,6.16542,397.92279052734375
Enna,Nemophora metallica,43.677557,5.888538,441.2367858886719
Enna,Chlorophorus figuratus,43.656505,5.80885,465.7483215332031
Enna,Rutpela maculata,43.656505,5.80885,465.7483215332031
Enna,Stictoleptura fulva,43.656505,5.80885,465.7483215332031
Enna,Centrotus cornutus,43.655837,5.805857,443.8376770019531
Enna,Pyronia bathseba,43.560356,6.177397,432.06317138671875
Enna,Onychogomphus uncatus,43.540447,6.287286,390.989501953125
Enna,Melanargia galathea,43.568817,6.258067,279.1038818359375
Enna,Trichodes apiarius,43.738895,6.426827,989.30621337890625
Enna,Clytra laeviuscula,43.738895,6.426827,989.30621337890625
Enna,Clytus arietis,43.735023,6.4402,982.57952880859375
Enna,Philipomyia aprica,43.735023,6.4402,982.57952880859375
Enna,Lasiopa tsacasi,43.735023,6.4402,982.57952880859375
Enna,Omocestus viridulus,43.758348,6.444324,752.64617919921875
Enna,Saitis barbipes,43.560356,6.177397,432.06317138671875
Enna,Polyommatus dorylas,43.75956,6.269481,1395.9849853515625
Enna,Haematoloma dorsata,43.760955,6.273408,1440.43603515625
Enna,Malacosoma castrensis,43.760629,6.268483,1381.9200439453125
Enna,Melanocoryphus albomaculatus,43.761001,6.268462,1375.7694091796875
Enna,Hyles euphorbiae,43.58771,6.182916,458.5372619628906
Enna,Tibicina garricola,43.604248,6.290392,666.3736572265625
Enna,Stictoleptura cordigera,43.882583,4.4324,120.96507263183594
Enna,Palpares libelluloides,43.882708,4.432668,121.7722396850586
Enna,Chorthippus vagans,43.882583,4.4324,120.96507263183594
Enna,Zygaena erythrus,43.882708,4.432668,121.7722396850586
Enna,Melanargia lachesis,43.882583,4.4324,120.96507263183594
Enna,Brintesia circe,43.882583,4.4324,120.96507263183594
Enna,Coenonympha dorus,43.931639,4.341778,169.715087890625
Enna,Satyrium esculi,43.927629,4.337932,153.6591033935547
Enna,Charaxes jasius,43.931897,4.341703,168.4258575439453
Enna,Netocia oblonga,43.935622,4.340344,142.83680725097656
Enna,Mylabris quadripunctata,43.935491,4.340539,144.37994384765625
Enna,Mylabris variabilis,43.935491,4.340539,144.37994384765625
Enna,Brenthis daphne,43.706927,6.112948,509.6435852050781
Enna,Platycleis albopunctata,43.708238,6.11371,529.0709228515625
Enna,Chlorophorus trifasciatus,43.71367,6.120626,526.4854736328125
Enna,Urophora jaceana,43.718073,6.1397,669.4501953125
Enna,Stenurella bifasciata,43.718073,6.1397,669.4501953125
Enna,Thymelicus acteon,43.679259,6.159928,609.8094482421875
Enna,Polyommatus escheri,43.685934,6.167863,660.9166259765625
Enna,Ruptela maculata,43.685934,6.167863,660.9166259765625
Enna,Orthetrum brunneum,43.686261,6.168526,663.2542724609375
Enna,Omocestus raymondi,43.568289,6.093924,483.8240051269531
Enna,Tettigometra laeta,43.568289,6.093924,483.8240051269531
Enna,Stenotus binotatus,43.685934,6.167863,660.9166259765625
Enna,Loboptera decipiens,43.565586,6.101842,453.5966796875
Enna,Oedaleus decorus,43.582141,6.101504,462.03143310546875
Enna,Psacasta tuberculata,43.582141,6.101504,462.03143310546875
Enna,Gomphus simillimus,43.581224,6.1040469999999996,475.0970458984375
Enna,Euchorthippus elegantulus,43.567302,6.096156,474.5763244628906
Enna,Oedipoda germanica,43.56519,6.101606,452.5913391113281
Enna,Hipparchia semele,43.70852,6.153896,702.35284423828125
Enna,Cynaeda dentalis,43.704614,6.151782,666.08154296875
Enna,Dictyophara europaea,43.728405,6.115744,554.4345703125
Enna,Adelphocoris vandalicus,43.728405,6.115744,554.4345703125
Enna,Ethmia bipunctella,43.690683,6.22065,672.987548828125
Enna,Dictyla echii,43.690683,6.22065,672.987548828125
Enna,Mogulones geographicus,43.690683,6.22065,672.987548828125
Enna,Divales bipustulatus,43.728405,6.115744,554.4345703125
Enna,Gomphus pulchellus,43.736645,6.598197,1047.70849609375
Enna,Aelia acuminata,43.722751,6.603146,939.24163818359375
Enna,Orthetrum cancellatum,43.720725,6.586546,910.79296875
Enna,Ceriagrion tennelum,43.720645,6.586703,910.47381591796875
Enna,Ectophasia leucoptera,43.716166,6.53045,822.80389404296875
Enna,Ectophasia crassipennis,43.716166,6.53045,822.80389404296875
Enna,Carpocoris pudicus,43.716166,6.53045,822.80389404296875
Enna,Macrotylus herrichi,43.716166,6.53045,822.80389404296875
Enna,Calopteryx virgo,43.715631,6.520499,817.5753173828125
Enna,Platycnemis latipes,43.430572,6.124867,197.84939575195312
Enna,Zygaena carniolica,43.90159,6.250999,1607.9697265625
Enna,Erebia meolans,43.901281,6.252651,1635.84423828125
Enna,Tessellana tessellata,43.386474,6.361235,100.73523712158203
Enna,Cicada orni,43.386694,6.361017,99.96488952636719
Enna,Cicadatra atra,43.386694,6.361017,99.96488952636719
Enna,Crocothemis erythraea,43.387188,6.360816,97.64695739746094
Enna,Onychogomphus forcipatus,43.387188,6.360816,97.64695739746094
Enna,Dociostaurus maroccanus,43.386144,6.361103,102.8001708984375
Enna,Megascolia maculata,43.387099,6.361028,97.71625518798828
Enna,Argiope bruennichi,43.386978,6.362197,97.41923522949219
Enna,Trithemis annulata,43.387703,6.361736,98.085052490234375
Enna,Sympetrum fonscolombii,43.387188,6.360816,97.64695739746094
Enna,Deleproctophylla dusmeti,43.386569,6.361446,99.24117279052734
Enna,Macronemurus appendiculatus,43.386569,6.361446,99.24117279052734
Enna,Lestes virens,43.383789,6.366499,95.00150299072266
Enna,Decticus albifrons,43.386128,6.36246,98.23682403564453
Enna,Calliptamus wattenwylianus,43.38287,6.366484,96.763153076171875
Enna,Calopteryx haemorrhoidalis,43.503871,5.907238,280.09735107421875
Enna,Cordulegaster boltonii,43.503871,5.907238,280.09735107421875
Enna,Thymelicus lineola,43.736192,6.664798,1228.36474609375
Enna,Psacasta exanthematica,43.737121,6.675292,1284.365478515625
Enna,Dysgonia algira,43.736192,6.664798,1228.36474609375
Enna,Pachythelia villosella,43.717053,6.51336,829.76251220703125
Enna,Lyristes plebejus,43.664371,5.955779,510.6357116699219
Enna,Eurygaster hotentotta,43.676069,5.840231,405.0984802246094
Enna,Zygaena occitanica,43.676069,5.840231,405.0984802246094
Enna,Anechura bipunctata,44.1407684,6.683225,1939.5135498046875
Enna,Agriades glandon,44.1406633,6.68327667,1939.651123046875
Enna,Erebia alberganus,44.140714,6.683699,1941.1011962890625
Enna,Aculepeira ceropegia,44.142554,6.68342,1936.8843994140625
Enna,Lycaena hippothoe,44.1431267,6.6834267,1937.1024169921875
Enna,Phengaris arion,44.1431267,6.6834267,1937.1024169921875
Enna,Lycaena tityrus,44.1431267,6.6834267,1937.1024169921875
Enna,Pieris bryoniae,44.14339,6.683222333,1937.1221923828125
Enna,Stauroderus scalaris,44.14307,6.684611,1954.3836669921875
Enna,Aglais io,44.1431167,6.68494333,1965.897216796875
Enna,Melitaea diamina,44.143055,6.683871,1941.2529296875
Enna,Pyrgus carthami,44.143355,6.683656,1941.046142578125
Enna,Eumedonia eumedon,44.1882383,6.65749833,1711.7042236328125
Enna,Monochamus sutor,44.140714,6.683699,1941.1011962890625
Enna,Brachyta interrogationis,44.14307,6.684611,1954.3836669921875
Enna,Potosia cuprea,44.143355,6.683656,1941.046142578125
Enna,Perla grandis,44.140714,6.683699,1941.1011962890625
Enna,Carilia virginea,44.15653,6.656681667,1649.0345458984375
Enna,Phytoecia affinis,44.15653,6.656681667,1649.0345458984375
Enna,Anthophila fabriciana,44.18970833,6.660436667,1711.61279296875
Enna,Araniella alpica,44.18970833,6.660436667,1711.61279296875
Enna,Nemophora ochsenheimerella,44.18970833,6.660436667,1711.61279296875
Enna,Molorchus minor,44.190293,6.661617,1713.7174072265625
Enna,Obrium brunneum,44.190293,6.661617,1713.7174072265625
Enna,Catastia marginea,44.191201,6.664396,1716.0592041015625
Enna,Boloria titania,44.191201,6.664396,1716.0592041015625
Enna,Coenonympha glycerion,44.191201,6.664396,1716.0592041015625
Enna,Erebia euryale,44.188047,6.655534,1704.060791015625
Enna,Dinoptera collaris,44.18488167,6.665431667,1861.487548828125
Enna,Stictoleptura hybrida,44.18488167,6.665431667,1861.487548828125
Enna,Sternodontus obtusus,44.182025,6.67255833,1941.368896484375
Enna,Phengaris alcon,44.187508,6.652755,1680.3505859375
Enna,Hoplia argentea,44.183025,6.67244,1914.600830078125
Enna,Sphiximorpha subsessilis,44.181115,6.627622,1246.718017578125
Enna,Arctia plantaginis,44.1870167,6.65206167,1685.5540771484375
Enna,Lasionycta imbecilla,44.187475,6.65287,1681.329833984375
Enna,Aeshna juncea,44.1684467,6.62715667,1544.956787109375
Enna,Papilio alexanor,44.079362,6.569525,1098.87744140625
Enna,Celonites abbreviatus,44.079362,6.569525,1098.87744140625
Enna,Pterostoma palpina,44.652815,6.570114,1106.67529296875
Enna,Platycleis affinis,43.673154,5.875944,441.50067138671875
Enna,Calliptamus italicus,43.408323,5.483452,580.67291259765625
Enna,Calliptamus barbarus,43.408323,5.483452,580.67291259765625
Enna,Ramburiella hispanica,43.406633,5.48623,572.1171875
Enna,Euchorthippus chopardi,43.406633,5.48623,572.1171875
Enna,Satyrus actaea,43.404093,5.488735,595.2528076171875
Enna,Chorthippus brunneus,43.388907,5.492976,342.7275390625
Enna,Omocestus rufipes,43.388907,5.492976,342.7275390625
Enna,Pyronia cecilia,43.388572,5.493095,341.77545166015625
Enna,Argiope lobata,43.38892,5.49866,376.1977233886719
Enna,Sphingonotus caerulans,43.393541,5.505768,503.0233154296875
Enna,Platycleis intermedia,43.395618,5.506479,495.1203918457031
Enna,Arachnocephalus vestitus,43.387267,5.488435,328.54217529296875
Enna,Oedipoda caerulescens,43.380827,5.484302,339.9073486328125
Enna,Satyrus ferula,43.844336,6.237939,922.270263671875
Enna,Fabriciana adippe,43.843782,6.2323,897.71142578125
Enna,Zygaena hilaris,43.846234,6.242783,957.2099609375
Enna,Celes variabilis,44.213302,3.276515,883.19757080078125
Enna,Stenobothrus lineatus,44.213302,3.276515,883.19757080078125
Enna,Stenobothrus nigromaculatus,44.212341,3.3306,959.40570068359375
Enna,Oecanthus pellucens,44.212341,3.3306,959.40570068359375
Enna,Lestes barbarus,44.179263,3.367419,918.54803466796875
Enna,Anax imperator,44.179263,3.367419,918.54803466796875
Enna,Lestes dryas,44.179263,3.367419,918.54803466796875
Enna,Sympetrum sanguineum,44.179263,3.367419,918.54803466796875
Enna,Aphantopus hyperantus,44.179263,3.367419,918.54803466796875
Enna,Tetrix ceperoi,44.179263,3.367419,918.54803466796875
Enna,Enallagma cyathigerum,44.179263,3.367419,918.54803466796875
Enna,Speyeria aglaja,44.179263,3.367419,918.54803466796875
Enna,Libellula depressa,44.179263,3.367419,918.54803466796875
Enna,Arcyptera microptera carpentieri,44.231254,3.383063,964.64373779296875
Enna,Euchorthippus declivus,44.209703,3.281298,864.89990234375
Enna,Myrmeleotettix maculatus,44.217629,3.274319,900.44085693359375
Enna,Polyommatus dolus,44.315448,3.393762,970.5968017578125
Enna,Polyommatus damon,44.315009,3.39377,966.80718994140625
Enna,Polyommatus amandus,44.31407,3.393021,957.54119873046875
Enna,Bicolorana bicolor,44.314357,3.393378,961.97802734375
Enna,Aculepeira armida,44.314357,3.393378,961.97802734375
Enna,Lycosa tarantula,44.222238,3.271808,936.62774658203125
Enna,Zygaena ephialtes,44.291977,5.989568,766.7833251953125
Enna,Pyronia tithonus,44.291977,5.989568,766.7833251953125
Enna,Ochlodes sylvanus,44.291977,5.989568,766.7833251953125
Enna,Euthystira brachyptera,44.115178,5.833301,1584.5389404296875
Enna,Podisma amedegnatoae,44.120548,5.801224,1750.9951171875
Enna,Omocestus petraeus,44.122164,5.801586,1787.3623046875
Enna,Anonconotus ghiliani,44.123281,5.798453,1801.975341796875
Enna,Arcyptera fusca,44.115943,5.787486,1667.904296875
Enna,Pyrausta aurata,44.089835,5.792979,1240.1739501953125
Enna,Volucella pellucens,44.11524,5.833231,1583.9677734375
Enna,Oryctes nasicornis,44.197353,5.942696,516.60772705078125
Enna,Odezia atrata,44.719088,6.903179,2024.2353515625
Enna,Pyrgus carlinae,44.719088,6.903179,2024.2353515625
Enna,Aricia nicias,44.719088,6.903179,2024.2353515625
Enna,Selatosomus amplicollis,44.719088,6.903179,2024.2353515625
Enna,Pontia callidice,44.685682,6.98159,2757.29248046875
Enna,Coccinella venusta,44.685682,6.98159,2757.29248046875
Enna,Erebia pandrose,44.685826,6.981473,2754.4990234375
Enna,Cicindela gallica,44.685826,6.981473,2754.4990234375
Enna,Boloria pales,44.685682,6.98159,2757.29248046875
Enna,Pyrgus cacaliae,44.685682,6.98159,2757.29248046875
Enna,Erebia pluto,44.685414,6.982698,2771.33642578125
Enna,Psodos alticolaria,44.685433,6.982349,2771.552978515625
Enna,Chrysomela lapponica,44.685894,6.982,2764.630615234375
Enna,Casside,44.685692,6.981624,2757.84912109375
Enna,Erebia aethiopellus,44.685692,6.981624,2757.84912109375
Enna,Erebia mnestra,44.685692,6.981624,2757.84912109375
Enna,Aterpia anderreggana,44.685692,6.981624,2757.84912109375
Enna,Pyrgus,44.691467,6.970652,2563.04638671875
Enna,Zygaena exulans,44.691467,6.970652,2563.04638671875
Enna,Euphydryas cynthia,44.691467,6.970652,2563.04638671875
Enna,Parnassius corybas,44.691539,6.970069,2555.704345703125
Enna,Melitaea varia,44.691539,6.970069,2555.704345703125
Enna,Polyommatus eros,44.691539,6.970069,2555.704345703125
Enna,Gomphocerus sibiricus,44.691539,6.970069,2555.704345703125
Enna,Erebia epiphron,44.692626,6.969956,2584.237060546875
Enna,Erebia arvernensis,44.692626,6.969956,2584.237060546875
Enna,Pyrgus,44.692626,6.969956,2584.237060546875
Enna,Cataclysme riguata,44.673347,6.637311,915.607177734375
Enna,Catoptria pinella,44.673347,6.637311,915.607177734375
Enna,Colostygia olivata,44.673347,6.637311,915.607177734375
Enna,Epirrhoe galiata,44.673347,6.637311,915.607177734375
Enna,Idaea moniliata,44.673347,6.637311,915.607177734375
Enna,Celypha flavipalpana,44.673347,6.637311,915.607177734375
Enna,Eudonia lacustrata,44.673347,6.637311,915.607177734375
Enna,Gastropacha quercifolia,44.673347,6.637311,915.607177734375
Enna,Lithosia quadra,44.673347,6.637311,915.607177734375
Enna,Recurvaria leucatella,44.673347,6.637311,915.607177734375
Enna,Rhyacionia pinicolana,44.673347,6.637311,915.607177734375
Enna,Hyponephele lycaon,44.673051,6.637829,909.01190185546875
Enna,Plebejus argyrognomon,44.673051,6.637829,909.01190185546875
Enna,Chlorophorus varius,44.673051,6.637829,909.01190185546875
Enna,Apatura ilia,44.673499,6.637596,916.86334228515625
Enna,Lysandra coridon,44.683426,6.647632,1238.0830078125
Enna,Laeosopis roboris,44.683205,6.648936,1230.021240234375
Enna,Polyommatus daphnis,44.683257,6.64945,1249.0296630859375
Enna,Polyommatus ripartii,44.683718,6.648982,1251.8499755859375
Enna,Hyponephele lupina,44.683665,6.649025,1251.943603515625
Enna,Hipparchia genava,44.684153,6.649068,1285.16162109375
Enna,Carcharodus lavatherae,44.683535,6.649277,1256.5196533203125
Enna,Cylindromyia rufifrons,44.683535,6.649277,1256.5196533203125
Enna,Eresus kollari,44.661024,6.594551,876.909423828125
Enna,Epacromius tergestinus ,44.657727,6.592657,873.49285888671875
Enna,Chorthippus pullus,44.657727,6.592657,873.49285888671875
Enna,Tetrix tuerki,44.658202,6.594319,871.15179443359375
Enna,Xya variegata,44.658202,6.594319,871.15179443359375
Enna,Sympetrum flaveolum,44.659553,6.593867,873.8023681640625
Enna,Polygonia c-album,44.291977,5.989568,766.7833251953125
Enna,Coptosoma scutellatum,44.185232,5.824761,798.5408935546875
Enna,Quercusia quercus,44.184801,5.823731,789.6248779296875
Enna,Sloperia proto,44.185778,5.824428,802.6666259765625
Enna,Distoleon tetragrammicus,44.184824,5.822626,788.14141845703125
Enna,Gargara genistae,44.184932,5.824321,793.63153076171875
Enna,Mylabris flexuosa,44.977026,6.606048,2478.560546875
Enna,Melanoplus frigidus,44.978271,6.605919,2496.500244140625
Enna,Setina aurita,44.978271,6.605919,2496.500244140625
Enna,Coenonympha gardetta,44.978665,6.60429,2504.666259765625
Enna,Orenaia alpestralis,44.978665,6.60429,2504.666259765625
Enna,Somatochlora alpestris,44.975201,6.603986,2458.935791015625
Enna,Limenitis populi,45.017918,6.604493,1602.9493408203125
Enna,Erebia montana,45.017395,6.599184,1636.2366943359375
Enna,Tettigonia cantans,45.018072,6.588838,1654.67138671875
Enna,Satyrium acaciae,45.017526,6.588164,1662.0032958984375
Enna,Lycaena virgaureae,45.01821,6.588945,1656.625732421875
Enna,Coccinula quatuordecimpustulata,45.018315,6.589505,1652.802734375
Enna,Ceratomegilla notata,45.018315,6.589505,1652.802734375
Enna,Herina frondescentiae,45.05981,6.527054,2028.687744140625
Enna,Arethusana arethusa,44.199463,5.937028,500.733642578125
Enna,Hipparchia statilinus,44.199463,5.937028,500.733642578125
Enna,Psyllobora vigintiduopunctata,44.198829,5.935939,558.48046875
Enna,Pterotmetus staphyliniformis,44.198829,5.935939,558.48046875
Enna,Himacerus mirmicoides,44.198829,5.935939,558.48046875
Enna,Orellia falcata,44.198829,5.935939,558.48046875
Enna,Trypetimorpha occidentalis,44.198829,5.935939,558.48046875
Enna,Copris lunaris,44.234306,6.035609,1057.12451171875
Enna,Mesembrina meridiana,44.234306,6.035609,1057.12451171875
Enna,Pholidoptera griseoaptera,44.246199,6.136073,1189.3651123046875
Enna,Hipparchia fagi,44.246199,6.136073,1189.3651123046875
Enna,Scotopteryx bipunctaria,44.246241,6.136255,1189.66552734375
Enna,Spilomyia saltuum,44.246241,6.136255,1189.66552734375
Enna,Chaetorellia jaceae,44.246241,6.136255,1189.66552734375
Enna,Vibidia duodecimguttata,44.246057,6.136082,1187.9178466796875
Enna,Leptophyes punctatissima,44.246241,6.136255,1189.66552734375
Enna,Pachytodes cerambyciformis,44.246057,6.136082,1187.9178466796875
Enna,Callimorpha dominula,44.246057,6.136082,1187.9178466796875
Enna,Pogonocherus decoratus,44.246057,6.136082,1187.9178466796875
Enna,Planaphrodes bifasciatus,44.246241,6.136255,1189.66552734375
Enna,Calliptamus siciliae,44.15405,5.770978,638.66009521484375
Enna,Decticus verrucivorus,44.113233,5.840412,1627.0474853515625
Enna,Melanargia russiae,44.113037,5.84134,1618.8702392578125
Enna,Omocestus haemorrhoidalis,44.11327,5.842418,1623.9036865234375
Enna,Anthrax varius,44.114018,5.835841,1593.4681396484375
Enna,Euscorpius flavicaudis,44.197521,5.942674,519.89422607421875
Enna,Phengaris teleius,44.437253,6.02592,578.40435791015625
Enna,Pyrausta purpuralis,44.43718,6.026011,578.512451171875
Enna,Stictocephala bisonia,44.43718,6.026011,578.512451171875
Enna,Lampides boeticus,44.438429,6.02556,578.569091796875
Enna,Sympetrum striolatum,44.439371,6.027388,578.77984619140625
Enna,Ischnura pumilio,44.439371,6.027388,578.77984619140625
Enna,Tetrix bolivari,44.439371,6.027388,578.77984619140625
Enna,Conocephalus fuscus,44.439371,6.027388,578.77984619140625
Enna,Mecostethus parapleurus,44.438999,6.026312,578.10504150390625
Enna,Cupido argiades,44.438999,6.026312,578.10504150390625
Enna,Cacyreus marshalli,44.197418,5.942227,518.75579833984375
Enna,Sympetrum danae,44.399169,6.769706,1559.1644287109375
Enna,Cicadella viridis,44.399169,6.769706,1559.1644287109375
Enna,Aeshna cyanea,44.399169,6.769706,1559.1644287109375
Enna,Aeshna juncea,44.399169,6.769706,1559.1644287109375
Enna,Erebia ligea,44.399048,6.769485,1554.0604248046875
Enna,Erebia aethiops,44.39906,6.768549,1536.611328125
Enna,Erebia gorge,44.337615,6.791217,2407.77392578125
Enna,Podisma dechambrei,44.336115,6.785939,2412.8203125
Enna,Boloria napaea,44.33613,6.784297,2405.3193359375
Enna,Pseudochorthippus parallelus,44.413057,6.753808,1339.9124755859375
Enna,Cordulia aenea,44.398052,6.395952,2139.79541015625
Enna,Omocestus viridulus,44.399294,6.394386,2131.594482421875
Enna,Mutilla europaea,44.399294,6.394386,2131.594482421875
Enna,Somatochlora arctica,44.396496,6.406997,2007.0927734375
Enna,Meconema meridionalis,44.291838,5.989358,766.01873779296875
Enna,Sympetrum pedemontanum,44.131524,5.987628,437.5295104980469
Enna,Erythromma lindenii,44.131524,5.987628,437.5295104980469
Enna,Psophus stridulus,44.085784,6.557129,1109.89501953125
Enna,Proserpinus proserpina,44.071971,6.582656,1235.075927734375
Enna,Ephippiger terrestris,44.071808,6.582131,1222.1500244140625
Enna,Hyles vespertilio,44.071808,6.582131,1222.1500244140625
Enna,Aeshna affinis,44.057353,5.356672,625.54595947265625
Enna,Hesperia comma,44.055008,5.352352,634.358642578125
Enna,Pezotettix giornae,44.058654,5.357484,625.674560546875
Enna,Phyllomorpha laciniata,44.058305,5.355647,634.53662109375
Enna,Tritomegas sexmaculatus,44.058305,5.355647,634.53662109375
Enna,Ameles decolor,44.058313,5.355422,637.373291015625
Enna,Ancyrosoma leucograme,44.058313,5.355422,637.373291015625
Enna,Stagonomus bipunctatus,44.058313,5.355422,637.373291015625
Enna,Volucella inanis,44.60179,5.8888490000000004,1442.7376708984375
Enna,Stictoleptura rubra,44.60179,5.8888490000000004,1442.7376708984375
Enna,Erebia neoridas,44.601499,5.891159,1420.3143310546875
Enna,Chrysolina herbacea,44.60127,5.894686,1387.4139404296875
Enna,Prosena siberita,44.60127,5.894686,1387.4139404296875
Enna,Evacanthus interruptus,44.60127,5.894686,1387.4139404296875
Enna,Roeseliana roeselii,44.601212,5.892016,1409.244873046875
Enna,Oxyna flavipennis,44.600955,5.891999,1407.92041015625
Enna,Chorthippus apricarius,44.60081,5.891645,1409.6993408203125
Enna,Carpocoris fuscipinus,44.601803,5.888684,1443.0162353515625
Enna,Sciocoris macrocephalus,44.60149,5.890347,1426.4271240234375
Enna,Nezara viridula,44.365728,3.41431,476.8805847167969
Enna,Chazara briseis,44.365728,3.41431,476.8805847167969
Enna,Subcoccinella vigintiquatuorpunctata,44.352282,3.453957,488.2383728027344
Enna,Phaneroptera nana,44.352282,3.453957,488.2383728027344
Enna,Gampsocleis glabra,44.454611,3.617299,1380.708740234375
Enna,Lestes sponsa,44.454057,3.61708,1374.85888671875
Enna,Stethophyma grossum,44.45382,3.61706,1372.7796630859375
Enna,Chrysochraon dispar,44.454057,3.61708,1374.85888671875
Enna,Hemipenthes velutina,44.204871,3.24785,878.31512451171875
Enna,Rhopalus conspersus,44.204871,3.24785,878.31512451171875
Enna,Tropidothorax leucopterus,44.204871,3.24785,878.31512451171875
Enna,Chorthippus biguttulus,44.213203,3.276556,883.80078125
Enna,Chorthippus mollis,44.213203,3.276556,883.80078125
Enna,Sisyphus schaefferi,43.911594,3.736433,138.32595825195312
Enna,Labidura riparia,43.911594,3.736433,138.32595825195312
Enna,Acrida ungarica,45.0268,12.367055,0.08237382769584656
Enna,Locusta cinerascens,45.0268,12.367055,0.08237382769584656
Enna,Ricania speculum,44.20137,9.619116,344.8794250488281
Enna,Orsillus depressus,44.207698,3.273068,875.98480224609375
Enna,Blaste quadrimaculata,44.207698,3.273068,875.98480224609375
Enna,Philodromus margaritatus,44.207698,3.273068,875.98480224609375
Enna,Pilophorus perplexus,44.207698,3.273068,875.98480224609375
Enna,Chrysolina sanguinolenta,44.217644,3.274399,900.21893310546875
Enna,Micrelytra fossularum,44.218005,3.273462,902.8388671875
Enna,Peribalus strictus,44.218005,3.273462,902.8388671875
Enna,Coremacera marginata,44.217086,3.276266,895.44598388671875
Enna,Phymata crassipes,44.210341,3.278415,885.02935791015625
Enna,Cassida margaritacea,44.215747,3.277509,886.748779296875
Enna,Nemobius sylvestris,44.223618,3.277821,909.7037353515625
Enna,Neoscona adianta,44.22516,3.273307,939.79400634765625
Enna,Carrhotus xanthogramma,44.213151,3.273289,896.0540771484375
Enna,Acronicata euphorbiae,44.215442,3.27444,902.03125
Enna,Scutigera coleoptrata,44.21692,3.276336,895.23675537109375
Enna,Reduvius personatus,44.21692,3.276336,895.23675537109375
Enna,Steatoda triangulosa,44.21692,3.276336,895.23675537109375
Enna,Syromastus rhombeus,44.230185,3.523311,1095.5303955078125
Enna,Geomyza tripunctata,44.230185,3.523311,1095.5303955078125
Enna,Pantilius tunicatus,44.292318,3.304401,919.1856689453125
Enna,Ectobius lucidus,44.292318,3.304401,919.1856689453125
Enna,Euceraphis punctipennis,48.996646,2.260012,58.01967239379883
Enna,Kleidocerys resedae,48.996646,2.260012,58.01967239379883
Enna,Macrolophus pygmaeus,48.996646,2.260012,58.01967239379883
Enna,Micromus angulatus,48.996646,2.260012,58.01967239379883
Enna,Eucarazzia elegans,48.996646,2.260012,58.01967239379883
Enna,Anoecia corni,48.996646,2.260012,58.01967239379883
Enna,Zygina flammigera,48.996646,2.260012,58.01967239379883
Enna,Asiraca clavicornis,49.907114,2.509432,34.40277862548828
Enna,Ribautiana debilis,49.907114,2.509432,34.40277862548828
Enna,Eupteryx decemnotata,49.907114,2.509432,34.40277862548828
Laurent,Columba livia,43.303404285097145,5.3998119894257695,47.22807312011719
Laurent,Erithacus rubecula,48.116172740932335,-1.6627359734556093,40.507118225097656
Laurent,Pica pica,48.116172740932335,-1.6627359734556093,40.507118225097656
Laurent,Larus argentatus,48.116172740932335,-1.6627359734556093,40.507118225097656
Laurent,Aegithalos caudatus,48.116380462046024,-1.6576290479594877,37.75495529174805
Laurent,Turdus merula,48.116172740932335,-1.6627359734556093,40.507118225097656
Laurent,Sturnus vulgaris,48.116172740932335,-1.6627359734556093,40.507118225097656
Laurent,Fringilla coelebs,48.12237477623471,-1.640091275454965,48.1265983581543
Laurent,Corvus corone,48.116172740932335,-1.6627359734556093,40.507118225097656
Laurent,Chroicocephalus ridibundus,48.123277173609345,-1.6373017783441306,48.449440002441406
Laurent,Vespa crabro,48.11970306322238,-1.6416046175346979,39.969451904296875
Laurent,Passer domesticus,48.10324945029361,-1.6730621186823407,34.16181945800781
Laurent,Larus michahellis,43.303404285097145,5.3998119894257695,47.22807312011719
Laurent,Streptopelia decaocto,43.303404285097145,5.3998119894257695,47.22807312011719
Laurent,Vanessa atalanta,43.303404285097145,5.3998119894257695,47.22807312011719
Laurent,Columba palumbus,43.733276968467756,3.553758449134585,94.90228271484375
Laurent,Motacilla cinerea,43.733276968467756,3.553758449134585,94.90228271484375
Laurent,Motacilla alba,43.73325952581389,3.553852326448598,93.51017761230469
Laurent,Zilla dioida,43.70313093906899,3.5599593729051664,57.176918029785156
Laurent,Mangora acalypha,43.70313093906899,3.5599593729051664,57.176918029785156
Laurent,Agalenatea redii,43.70358079646131,3.558811387436046,50.92698669433594
Laurent,Oenopia lyncea,43.70455030520382,3.558763107676413,49.85047149658203
Laurent,Aphantaulax trifasciata,43.70455,3.558763,49.85117721557617
Laurent,Dermacentor marginatus,43.705055684987734,3.558791761674772,48.31448745727539
Laurent,Deroplia genei,43.70474811367504,3.55883591743247,49.5285758972168
Laurent,Turdus philomelos,43.70550851484389,3.5592411208940344,52.3016242980957
Laurent,Dorytomus longimanus,43.70599113309204,3.559196011692793,52.60966491699219
Laurent,Buteo buteo,43.70271414083307,3.560608608560431,60.21575927734375
Laurent,Rhaphigaster nebulosa,43.704863590988964,3.5599270061852084,59.77470779418945
Laurent,Psittacula krameri,43.62786345328498,3.8415421941138246,57.114871978759766
Laurent,Exochomus quadripustulatus,43.81615763358178,3.7799545158489196,193.6895294189453
Laurent,Cyanistes caeruleus,43.8182948,3.7801642,187.686279296875
Laurent,Thaumetopoea pityocampa,43.814106550671944,3.7998865008173897,243.3908233642578
Laurent,Sylvia atricapilla,43.622636484724445,3.868310591261118,37.908973693847656
Laurent,Phoenicurus ochruros,43.303404285097145,5.3998119894257695,47.22807312011719
Laurent,Stegobium paniceum,43.303404285097145,5.3998119894257695,47.22807312011719
Laurent,Apis mellifera,43.46197763052741,5.332716258710351,153.16842651367187
Laurent,Aythya fuligula,43.46197763052741,5.332716258710351,153.16842651367187
Laurent,Podiceps cristatus,43.46197763052741,5.332716258710351,153.16842651367187
Laurent,Fulica atra,43.46197763052741,5.332716258710351,153.16842651367187
Laurent,Cygnus olor,43.46197763052741,5.332716258710351,153.16842651367187
Laurent,Ardea cinerea,43.46197763052741,5.332716258710351,153.16842651367187
Laurent,Netta rufina,43.46197763052741,5.332716258710351,153.16842651367187
Laurent,Phalacrocorax carbo,43.46197763052741,5.332716258710351,153.16842651367187
Laurent,Aythya collaris,43.46197763052741,5.332716258710351,153.16842651367187
Laurent,Milvus milvus,43.3799126,1.610691,256.2616882324219
Laurent,Ciconia ciconia,43.2637473,1.6612577,218.16799926757812
Laurent,Pararge aegeria,42.7945531,1.7339137,1043.6617431640625
Laurent,Falco tinnunculus,42.7945531,1.7339137,1043.6617431640625
Laurent,Lacerta bilineata,42.7970632,1.7401103,1233.3917236328125
Laurent,Parus major,42.7978468,1.7398538,1262.787353515625
Laurent,Gyps fulvus,42.7982549,1.7395037,1281.2156982421875
Laurent,Gonepteryx rhamni,42.7982549,1.7395037,1281.2156982421875
Laurent,Aquila chrysaetos,42.8048894,1.7378492,1532.90087890625
Laurent,Corvus corax,42.8087269,1.7403734,1685.2127685546875
Laurent,Gypaetus barbatus,42.8104946,1.7404915,1683.3175048828125
Laurent,Harmonia axyridis,42.8087269,1.7403734,1685.2127685546875
Laurent,Pyrrhocoris apterus,45.05933258292087,1.4205762108855788,267.0738830566406
Laurent,Pyrrhidium sanguineum,45.05933258292087,1.4205762108855788,267.0738830566406
Laurent,Osmia cornuta,45.05933258292087,1.4205762108855788,267.0738830566406
Laurent,Strix aluco,45.060063910483485,1.4227273423974467,272.05609130859375
Laurent,Agriopis marginaria,44.01486187914846,1.3411652710820046,86.752777099609375
Laurent,Bubas bison,43.749515,3.733061,254.92149353027344
Laurent,Calamosternus granarius,43.749515,3.733061,254.92149353027344
Laurent,Onthophagus coenobita,43.74800939756063,3.7309957649359737,254.327880859375
Laurent,Onthophagus lemur,43.749515,3.733061,254.92149353027344
Laurent,Acrossus luridus,43.749515,3.733061,254.92149353027344
Laurent,Linepithema humile,43.63421974555446,3.8694574686909675,64.3483657836914
Laurent,Myathropa florea,43.634109135888224,3.8688391240113784,62.90456771850586
Laurent,Chloris chloris,43.63421974555446,3.8694574686909675,64.3483657836914
Laurent,Sylvia melanocephala,43.634273914033145,3.8692230108658503,63.98133850097656
Laurent,Falco tinnunculus,43.63421974555446,3.8694574686909675,64.3483657836914
Laurent,Messor barbarus,43.634038268681905,3.8695414666776693,64.05118560791016
Laurent,Camponotus piceus,43.63421974555446,3.8694574686909675,64.3483657836914
Laurent,Messor structor,43.63421974555446,3.8694574686909675,64.3483657836914
Laurent,Carduelis carduelis,43.63421974555446,3.8694574686909675,64.3483657836914
Laurent,Milvus migrans,43.63203041519187,3.869590238479996,56.81978988647461
Laurent,Cacyreus marshalli,43.303404285097145,5.3998119894257695,47.22807312011719
Laurent,Ptyonoprogne rupestris,43.26940991447276,5.531919038422998,243.5516815185547
Laurent,Tropinota hirta,43.27241759419405,5.517879102730193,162.12432861328125
Laurent,Oxythyrea funesta,43.639027622486616,3.850338898529732,70.7412109375
Laurent,Emberiza cirlus,43.207223,-0.994047,442.6776428222656
Laurent,Anthus trivialis,43.207223,-0.994047,442.6776428222656
Laurent,Stomoxys calcitrans,43.20092133136561,-0.9392661218686754,211.10980224609375
Laurent,Tropidothorax leucopterus,43.207223,-0.994047,442.6776428222656
Laurent,Episyrphus balteatus,43.19916161097576,-0.9424525859361077,198.88128662109375
Laurent,Rhingia campestris,43.19916161097576,-0.9424525859361077,198.88128662109375
Laurent,Cantharis rustica,43.20028783786001,-0.9400385980517318,198.132080078125
Laurent,Oryctes nasicornis,43.202344712490856,-0.9395987157549673,217.76654052734375
Laurent,Copris lunaris,43.2009135104985,-0.9392553930336339,211.10079956054687
Laurent,Boloria dia,43.2003191216621,-0.939384139054134,204.00694274902344
Laurent,Ciconia nigra,43.2232156,-1.1143043,162.81344604492188
Laurent,Pic noir,43.2447761,-0.9869503,143.9573516845703
Laurent,Saxicola rubicola,43.2416242,-0.9747342,265.90240478515625
Laurent,Tyto alba,43.19809527078445,-0.94259280868371,210.09278869628906
Laurent,Bufo spinosus,43.19860085645352,-0.94297275262039,205.59390258789062
Laurent,Lissotriton helveticus,43.19860085645352,-0.94297275262039,205.59390258789062
Laurent,Alectoris rufa,43.2950149,-1.0330743,121.3347396850586
Laurent,Elanus caeruleus,43.2386928,-1.0467498,134.10360717773437
Laurent,Bubulcus ibis,43.2386928,-1.0467498,134.10360717773437
Laurent,Phasianus colchicus,43.4067287,-1.2349383,153.93727111816406
Laurent,Oryctolagus cuniculus,43.20209680947003,-0.9388270827447432,219.70391845703125
Laurent,Emberiza citrinella,43.373848457640825,-1.1787201154130411,202.43653869628906
Laurent,Sciurus vulgaris,43.19903186099673,-0.9420490161160571,198.1064910888672
Laurent,Rattus rattus,43.30375519195073,5.424368087639192,87.577728271484375
Laurent,Syritta pipiens ,43.303404285097145,5.3998119894257695,47.22807312011719
Laurent,Melolontha melolontha,43.200935757311456,-0.939265285847712,211.26658630371094
Laurent,Amphimallon solstitialis,43.200935757311456,-0.939265285847712,211.26658630371094
Laurent,Eurydema dominulus,43.184303789070356,-0.9096837112444529,161.76351928710937
Laurent,Rhopalus subrufus,43.199707283116105,-0.9416433354065248,190.19761657714844
Laurent,Regulus ignicapilla,43.199023,-0.9422448,199.13397216796875
Laurent,Lepus europaeus,43.3120755,-1.2976648,267.28448486328125
Laurent,Emberiza cirlus,43.4059217,-1.1436832,160.11988830566406
Laurent,Linaria cannabina,43.0967856,-0.976488,885.90045166015625
Laurent,Pyrrhocorax graculus,43.0967856,-0.976488,885.90045166015625
Laurent,Periparus ater,43.0349648,-1.0302965,1402.202880859375
Laurent,Sitta europaea,43.0368249,-1.0274121,1358.5640869140625
Laurent,Prunella modularis,43.0368249,-1.0274121,1358.5640869140625
Laurent,Zootoca vivipara,43.0353013,-1.0749402,997.04144287109375
Laurent,Anthus spinoletta,43.0272982,-1.1089241,1301.8504638671875
Laurent,Troglodytes troglodytes,43.1060388,-0.9630549,708.71728515625
Laurent,Calocoris nemoralis,43.41012808762785,-1.2488478196665143,115.53618621826172
Laurent,Picus viridis,43.200463109033905,-0.9389691416030513,208.1762237548828
Laurent,Neophron percnopterus,43.3076538,-1.2736966,289.2919006347656
Laurent,Volucella bombylans,43.3210278,-1.3125749,181.48776245117187
Laurent,Riparia riparia,43.223006,-0.8872509,137.5414581298828
Laurent,Cinclus cinclus,43.223006,-0.8872509,137.5414581298828
Laurent,Delichon urbicum,43.2011976,-0.9022653,156.89390563964844
Laurent,Carabus cancellatus,43.19937930216791,-0.9422867160909766,196.45306396484375
Laurent,Erinaceus europaeus,43.20079433953817,-0.9388318297885648,211.80477905273438
Laurent,Melanostoma scalare,43.4167644,-1.1733424,36.20542907714844
Laurent,Hierophis viridiflavus,43.1865677,-1.0353461,296.5423583984375
Laurent,Lycaena dispar,43.47290282056439,-1.478712207600074,1.3347980976104736
Laurent,Cisticola juncidis,43.47287142170559,-1.4784562862877662,1.1811319589614868
Laurent,Apus apus,43.47287142170559,-1.4784562862877662,1.1811319589614868
Laurent,Actitis hypoleucos,43.4737325,-1.4792919,4.733475208282471
Laurent,Chilocorus bipustulatus,43.20448674540932,-0.938461065402021,209.25677490234375
Laurent,Panorpa germanica,43.20448674540932,-0.938461065402021,209.25677490234375
Laurent,Circus cyaneus,43.4034822,-1.2397841,160.57203674316406
Laurent,Hippobosca equina,43.3212035673272,-1.312959625743104,180.08319091796875
Laurent,Calopteryx splendens,43.2723017,-1.0303957,93.47846984863281
Laurent,Pernis apivorus,43.2004131,-0.9144257,171.4662628173828
Laurent,Carduelis citrinella,42.9809627,-0.7488312,1608.046142578125
Laurent,Anthus spinoletta,42.9804481,-0.7487454,1613.1593017578125
Laurent,Trypocopris pyrenaeus,42.9775316,-0.7605498,1656.1351318359375
Laurent,Prunella modularis,42.977066,-0.7608012,1652.509521484375
Laurent,Turdus torquatus,42.975326804020604,-0.7622727182912927,1638.5838623046875
Laurent,Troglodytes troglodytes,42.975326804020604,-0.7622727182912927,1638.5838623046875
Laurent,Byrrhus pyrenaeus,42.97677673612967,-0.7611840629187417,1647.719970703125
Laurent,Centrotus cornutus,43.098726057274234,-0.9263057212755881,431.4822998046875
Laurent,Trichius gallicus,43.20079246909607,-0.9388044577421455,211.85423278808594
Laurent,Cassida viridis,43.1998491356935,-0.9419496088064032,191.3273162841797
Laurent,Penetretus rufipennis,43.25079606491866,-0.676458861523078,162.4645538330078
Laurent,Chlaenius velutinus,43.25079606491866,-0.676458861523078,162.4645538330078
Laurent,Galeruca tanaceti,43.10158733180398,-0.30883947298056696,388.9988708496094
Laurent,Rhagonycha fulva,43.20093691155494,-0.9392144074936655,211.5478057861328
Laurent,Gryllotalpa gryllotalpa,43.10173370908029,-0.30814087646222255,383.3736877441406
